{"cameraMode":{"drawMode":0,"name":"Shaded","section":"Shading Mode"},"sceneLighting":true,"audioPlay":false,"sceneViewState":{"m_AlwaysRefresh":false,"showFog":true,"showSkybox":true,"showFlares":true,"showImageEffects":true,"showParticleSystems":true,"showVisualEffectGraphs":true,"m_FxEnabled":true},"in2DMode":false,"pivot":{"x":124.96533966064453,"y":-191.62086486816407,"z":125.57980346679688},"rotation":{"x":0.33586475253105166,"y":0.24598626792430879,"z":-0.09132795035839081,"w":0.9046285152435303},"size":168.93508911132813,"orthographic":false}