{"cameraMode":{"drawMode":0,"name":"Shaded","section":"Shading Mode"},"sceneLighting":true,"audioPlay":false,"sceneViewState":{"m_AlwaysRefresh":false,"showFog":true,"showSkybox":true,"showFlares":true,"showImageEffects":true,"showParticleSystems":true,"showVisualEffectGraphs":true,"m_FxEnabled":true},"in2DMode":false,"pivot":{"x":13.899999618530274,"y":2.2300000190734865,"z":179.77000427246095},"rotation":{"x":0.27188044786453249,"y":0.018765121698379518,"z":-0.005299290642142296,"w":0.9621416926383972},"size":12.201641082763672,"orthographic":true}